category,category_id,product_id,sku,title,description,price,in_stock,product_url,image_url,image_local
Audio Components,11,252,00XL284,00XL284 - Lenovo 55mm Internal Speaker for ThinkCentre M710Q,,$68.00,True,,https://cdn.cmshardware.com/images/Images/Products/00XL284.webp,
Audio Components,11,154,017PW,017PW - Dell 2-in-1 Left & Right Laptop Speaker Set for Chromebook 11,,$62.00,True,,https://cdn.cmshardware.com/images/Images/Products/017PW.webp,
Audio Components,11,172,029MKK,029MKK - Dell Internal Speaker for OptiPlex 390 790 990 3010 7010,,Get a Quote for price,True,,https://cdn.cmshardware.com/images/Images/Products/All-Computer-Accessories-Gen.webp,data\images\172.webp
Audio Components,11,147,04N567,04N567 - Dell Desktop Speakers And Power Supply,,$170.00,True,,https://cdn.cmshardware.com/images/Images/Products/power-supply-gen_j2ctdcwbncjevclj.webp,data\images\147.webp
Audio Components,11,249,056397-000,056397-000 - NEC Fax/Modem/Sound Card with ISA MT1720 Game Port,,Get a Quote for price,True,,https://cdn.cmshardware.com/images/Images/Products/056397-000.webp,
Audio Components,11,146,05N356,05N356 - Dell Speakers And Power Supply,,$170.00,True,,https://cdn.cmshardware.com/images/Images/Products/power-supply-gen_sscwxnsgnlzda7e3.webp,data\images\146.webp
Audio Components,11,155,0DKY0,0DKY0 - Dell Tablet Right Speaker for Latitude 11 5175 5179,,$62.00,True,,https://cdn.cmshardware.com/images/Images/Products/0DKY0.webp,
Audio Components,11,221,0G017A,0G017A - Dell Asus Hangouts Meet Speaker Mic,,$110.00,True,,https://cdn.cmshardware.com/images/Images/Products/0G017A.webp,
Audio Components,11,156,0R533,0R533 - Dell Sound Blaster Live 5.1 PCI Sound Card,,$62.00,True,,https://cdn.cmshardware.com/images/Images/Products/0r533-o_4hl9cvz73k7mzb2o.webp,data\images\156.webp
Audio Components,11,148,0WV2P,0WV2P - Dell Left and Right Speaker Set for Latitude 3510,,$62.00,True,,https://cdn.cmshardware.com/images/Images/Products/0WV2P.webp,
